PO Number,Item Name,Part Number,Description,Color,Quantity,Job Or Customer
PO-11831,Custom ELEMENTAL LED,,For: Stock,,1,
PO-11832,Custom ELEMENTAL LED,,For: Stock,,1,
PO-11880,Custom WAC Fixture Schedule,,For: Stock,,1,
PO-11882,Custom ELEMENTAL LED,,For: Stock,,1,
PO-11886,Custom WAC Fixture Schedule,,For: Stock,,1,
PO-11899,Custom ELEMENTAL LED,,For: Stock,,1,
PO-11900,Custom ELEMENTAL LED,,For: Stock,,1,
PO-11919,Custom ELEMENTAL LED,,For: Stock,,2,
PO-11938,Custom Fixture Schedule,,For: Stock,,1,
PO-11952,Custom ELEMENTAL LED,,For: Stock,,1,
PO-11953,Custom ELEMENTAL LED,,For: Stock,,1,
PO-11971,Custom Lucetta Fixture,,For: Stock,,1,
PO-11979,Custom Lucetta Fixture,,For: Stock,,1,
PO-11984,Custom Lucifer Fixture Schedule,,For: Stock,,1,
PO-11875,CUSTOM ROLLER SHADES,,For: Sales Order,,2,"Bednyak, Alexis:Big Sky-Pioneer Point 5A-Bednyak"
PO-11877,Palladiom Replacement,,For: Stock,,1,"Bing, Peter"
PO-11862,Custom ELEMENTAL LED,,For: Sales Order,,1,Blue Ribbon Builders:Big Sky-8 Mountain Home Rd-Landry
PO-11895,LQSE-4A5-120-D,,For: Sales Order,,1,Blue Ribbon Builders:Big Sky-8 Mountain Home Rd-Landry
PO-11895,PDW-D-DV,,For: Sales Order,,1,Blue Ribbon Builders:Big Sky-8 Mountain Home Rd-Landry
PO-11951,HRST-8ANS,,For: Sales Order,,2,Blue Ribbon Builders:Big Sky-8 Mountain Home Rd-Landry
PO-11873,DREAM MACHINE PRO,,For: Work Order,,1,"Bradley, David:Bradley, David-12 Dusky Trail-SVC"
PO-11873,PRO MAX 24 POE,,For: Work Order,,1,"Bradley, David:Bradley, David-12 Dusky Trail-SVC"
PO-11836,Founder 40B,,For: Sales Order,,2,"Brady, Chuck:Big Sky-66a Chalet Rd-Brady"
PO-11853,Misc Job Mats,,For: Stock,,26,"Brady, Chuck:Big Sky-66a Chalet Rd-Brady"
PO-11878,DM-NAX-AUD-IO,,For: Sales Order,,1,"Brady, Chuck:Big Sky-66a Chalet Rd-Brady"
PO-11883,UPS-RBP,,For: Work Order,,1,"Brickman, Michael:Belgrade-17858 Rocky Mountain Rd-SVC"
PO-11825,C4-Z2C,,For: Work Order,,2,"Brugh, Tim:Bozeman-171 Old River Farm-Brugh SVC"
PO-11870,DRX-3.4,,For: Work Order,,1,"Brugh, Tim:Bozeman-171 Old River Farm-Brugh SVC"
PO-11874,C4-SW120277-WH,,For: Work Order,,1,"Brugh, Tim:Bozeman-171 Old River Farm-Brugh SVC"
PO-11827,HQRA-HN6BRL,,For: Work Order,,1,"Capobianco, David:Big Sky-53 Upper Cedarview-Capobianco-SVC1"
PO-11826,HRST-8ANS,,For: Sales Order,,2,Cohutta Lee Builders:Livingston-161 HiddenValley Lake-Ferstler
PO-11826,HRST-PRO-N,,For: Sales Order,,1,Cohutta Lee Builders:Livingston-161 HiddenValley Lake-Ferstler
PO-11826,L-PED1-BL,,For: Sales Order,,2,Cohutta Lee Builders:Livingston-161 HiddenValley Lake-Ferstler
PO-11847,Custom WAC Fixture Schedule,,For: Stock,,1,Cohutta Lee Builders:Livingston-161 HiddenValley Lake-Ferstler
PO-11962,A1G20-DMX,,For: Project,,1,Cohutta Lee Builders:Livingston-161 HiddenValley Lake-Ferstler
PO-11986,LST70T,,For: Sales Order,,1,Cohutta Lee Builders:Livingston-161 HiddenValley Lake-Ferstler
PO-11987,LSTU,,For: Sales Order,,1,Cohutta Lee Builders:Livingston-161 HiddenValley Lake-Ferstler
PO-11987,TS318TU,,For: Sales Order,,3,Cohutta Lee Builders:Livingston-161 HiddenValley Lake-Ferstler
PO-11987,TS525TU,,For: Sales Order,,1,Cohutta Lee Builders:Livingston-161 HiddenValley Lake-Ferstler
PO-11987,WSSATM1-B2,,For: Sales Order,,2,Cohutta Lee Builders:Livingston-161 HiddenValley Lake-Ferstler
PO-11988,6290W,,For: Sales Order,,2,Cohutta Lee Builders:Livingston-161 HiddenValley Lake-Ferstler
PO-11843,APPLETV 4K,,For: Work Order,,1,"DeVries, Douglas:Big Sky-222 Morning Glory-DeVries-SVC - E"
PO-11846,K-50S30,,For: Work Order,,1,"DeVries, Douglas:Big Sky-222 Morning Glory-DeVries-SVC - E"
PO-11879,PROSIXCOMBO,,For: Work Order,,1,"DeVries, Jack:Bozeman-239 Bridger Vale Dr-SVC"
PO-11917,HQWT-U-P4W,,For: Sales Order,,42,Dovetail Construction:Big Sky-Grissinger
PO-11980,CUSTOM ROMAN KIT,,For: Sales Order,,3,Dovetail Construction:Big Sky-Grissinger
PO-11988,5821PB-KT,,For: Sales Order,,1,Dovetail Construction:Big Sky-Grissinger
PO-11988,5881ENH,,For: Sales Order,,1,Dovetail Construction:Big Sky-Grissinger
PO-11990,WIN-PS-5CC-R,,For: Sales Order,,1,Dovetail Construction:Big Sky-Grissinger
PO-11904,4193SNP,,For: Sales Order,,8,Dovetail Construction:Bozeman-2310 Three Bears Rd.-Cole
PO-11904,4204,,For: Sales Order,,1,Dovetail Construction:Bozeman-2310 Three Bears Rd.-Cole
PO-11904,4208SN,,For: Sales Order,,3,Dovetail Construction:Bozeman-2310 Three Bears Rd.-Cole
PO-11904,5800RP,,For: Sales Order,,1,Dovetail Construction:Bozeman-2310 Three Bears Rd.-Cole
PO-11904,5818MNL,,For: Sales Order,,4,Dovetail Construction:Bozeman-2310 Three Bears Rd.-Cole
PO-11904,5881ENH,,For: Sales Order,,1,Dovetail Construction:Bozeman-2310 Three Bears Rd.-Cole
PO-11904,6460S,,For: Sales Order,,3,Dovetail Construction:Bozeman-2310 Three Bears Rd.-Cole
PO-11904,BK-4WTAB,,For: Sales Order,,8,Dovetail Construction:Bozeman-2310 Three Bears Rd.-Cole
PO-11904,CM-E1,,For: Sales Order,,1,Dovetail Construction:Bozeman-2310 Three Bears Rd.-Cole
PO-11904,GD-2B,,For: Sales Order,,1,Dovetail Construction:Bozeman-2310 Three Bears Rd.-Cole
PO-11904,LTEM-PXV,,For: Sales Order,,1,Dovetail Construction:Bozeman-2310 Three Bears Rd.-Cole
PO-11904,SMP312CX,,For: Sales Order,,1,Dovetail Construction:Bozeman-2310 Three Bears Rd.-Cole
PO-11904,VISTA-128BPT,,For: Sales Order,,1,Dovetail Construction:Bozeman-2310 Three Bears Rd.-Cole
PO-11905,SR-WM-PPH-8U-6-15,,For: Sales Order,,1,Dovetail Construction:Bozeman-2310 Three Bears Rd.-Cole
PO-11905,WB-800-IPVM-6,,For: Sales Order,,1,Dovetail Construction:Bozeman-2310 Three Bears Rd.-Cole
PO-11906,DREAM MACHINE PRO,,For: Sales Order,,1,Dovetail Construction:Bozeman-2310 Three Bears Rd.-Cole
PO-11906,PRO 24 POE,,For: Sales Order,,1,Dovetail Construction:Bozeman-2310 Three Bears Rd.-Cole
PO-11906,U7 PRO XG,,For: Sales Order,,1,Dovetail Construction:Bozeman-2310 Three Bears Rd.-Cole
PO-11906,U7 PRO XGS,,For: Sales Order,,5,Dovetail Construction:Bozeman-2310 Three Bears Rd.-Cole
PO-11907,BR1,,For: Sales Order,,1,Dovetail Construction:Bozeman-2310 Three Bears Rd.-Cole
PO-11873,"8TB 3.5"" HDD",,For: Sales Order,,1,Dowbuilt:Big Sky-YC Lot 862-Zalupski
PO-11873,AI KEY,,For: Sales Order,,1,Dowbuilt:Big Sky-YC Lot 862-Zalupski
PO-11873,AI PRO,,For: Sales Order,,2,Dowbuilt:Big Sky-YC Lot 862-Zalupski
PO-11873,G4 DOORBELL PRO POE KIT,,For: Sales Order,,1,Dowbuilt:Big Sky-YC Lot 862-Zalupski
PO-11873,Network Video Recorder,,For: Sales Order,,1,Dowbuilt:Big Sky-YC Lot 862-Zalupski
PO-11931,PoE++ Adapter (60W),,For: Sales Order,,1,Dowbuilt:Big Sky-YC Lot 862-Zalupski
PO-11942,WIFI SMART CHIME,,For: Sales Order,,1,Dowbuilt:Big Sky-YC Lot 862-Zalupski
PO-11893,CLOUD GATEWAY MAX,,For: Work Order,,1,"Doyle, Marla:Big Sky-714 Elk Meadow-Doyle-SVC"
PO-11893,LITE 16 POE,,For: Work Order,,1,"Doyle, Marla:Big Sky-714 Elk Meadow-Doyle-SVC"
PO-11893,U7 PRO XG,,For: Work Order,,4,"Doyle, Marla:Big Sky-714 Elk Meadow-Doyle-SVC"
PO-11924,APPLETV 4K,,For: Work Order,,3,"Doyle, Marla:Big Sky-714 Elk Meadow-Doyle-SVC"
PO-11940,LCP500-24B,,For: Work Order,,1,"Friend, Nicole:Big Sky-23 Lakewood-Friend-SVC"
PO-11988,PROA7PLUS-FA,,For: Sales Order,,1,"Friend, Nicole:Big Sky-23 Lakewood-Friend-SVC"
PO-11988,PROLTE-V,,For: Sales Order,,1,"Friend, Nicole:Big Sky-23 Lakewood-Friend-SVC"
PO-11988,PROSIXCOMBO,,For: Sales Order,,4,"Friend, Nicole:Big Sky-23 Lakewood-Friend-SVC"
PO-11988,PROSIXFLOOD,,For: Sales Order,,3,"Friend, Nicole:Big Sky-23 Lakewood-Friend-SVC"
PO-11988,PROSIXMINI3,,For: Sales Order,,3,"Friend, Nicole:Big Sky-23 Lakewood-Friend-SVC"
PO-11988,PROSIXSIREN,,For: Sales Order,,1,"Friend, Nicole:Big Sky-23 Lakewood-Friend-SVC"
PO-11988,PROSIXTEMP,,For: Sales Order,,3,"Friend, Nicole:Big Sky-23 Lakewood-Friend-SVC"
PO-11839,RSHA-SONOS-AMP6,,For: Sales Order,,1,"Gianforte, Greg:Anaconda-Badger Bay-SVC"
PO-11841,HR-310,,For: Sales Order,,1,"Gianforte, Greg:Anaconda-Badger Bay-SVC"
PO-11841,MC4-R,,For: Sales Order,,1,"Gianforte, Greg:Anaconda-Badger Bay-SVC"
PO-11844,AMP,,For: Sales Order,,6,"Gianforte, Greg:Anaconda-Badger Bay-SVC"
PO-11930,L-LV14-120,,For: Sales Order,,1,Heritage Construction
PO-11929,AC-BT10-AUHD,,For: Sales Order,,1,Heritage Construction:Big Sky-1661 Ousel Falls Rd-Rare Ranch
PO-11932,SR-VERTICAL-5U,,For: Sales Order,,1,Heritage Construction:Big Sky-1661 Ousel Falls Rd-Rare Ranch
PO-11933,CAB-COOL,,For: Sales Order,,1,Heritage Construction:Big Sky-1661 Ousel Falls Rd-Rare Ranch
PO-11934,P1-LCR,,For: Sales Order,,2,Heritage Construction:Big Sky-1661 Ousel Falls Rd-Rare Ranch
PO-11934,P80-R,,For: Sales Order,,2,Heritage Construction:Big Sky-1661 Ousel Falls Rd-Rare Ranch
PO-11975,UPS-RBP,,For: Work Order,,1,"Ligon, John:Bozeman-300 Redtwig Rd-Ligon-SVC-PA"
PO-11989,A650 Unleashed,,For: Sales Order,,5,"Ligon, John:Bozeman-300 Redtwig Rd-Ligon-SVC-PA"
PO-11887,HRST-RD,,For: Sales Order,,1,Lohss Construction:Big Sky-47B American Spirit
PO-11892,MISC INVT-ACCT,,For: Stock,,4,Lohss Construction:Big Sky-47B American Spirit
PO-11894,CEN-IO-COM-202,,For: Sales Order,,1,Lohss Construction:Big Sky-47B American Spirit
PO-11922,UA 2-125 ARC,,For: Sales Order,,2,Lohss Construction:Big Sky-47B American Spirit
PO-11923,DM-NAX-AUD-IO,,For: Sales Order,,2,Lohss Construction:Big Sky-47B American Spirit
PO-11926,HRST-PRO-N,,For: Sales Order,,3,Lohss Construction:Big Sky-47B American Spirit
PO-11926,SC-1,,For: Sales Order,,3,Lohss Construction:Big Sky-47B American Spirit
PO-11935,HRST-RD,,For: Stock,,1,Lohss Construction:Big Sky-47B American Spirit
PO-11960,WIN-PS-5CC-R,,For: Sales Order,,1,Lohss Construction:Big Sky-47B American Spirit
PO-11827,L-PED1-BL,,For: Stock,,8,Lohss Construction:Big Sky-YC Lot 708-Stock
PO-11826,L-PED2-BL,,For: Sales Order,,1,LTS Architecture:Livingston-83 Pool Creek Rd-Berthy
PO-11861,WLC-5P,,For: Sales Order,,3,LTS Architecture:Livingston-83 Pool Creek Rd-Berthy
PO-11855,QS5519-840,,For: Work Order,,3,"Lunt, Ron:Big Sky-2405 Curly Bear Rd-Lunt-SVC"
PO-11868,QS PALLADIOM ROLLER SHADE,,For: Sales Order,,8,"MacFadden, Michael:Bozeman-309 Cold Smoke Dr.-MacFadden"
PO-11869,WIN-PS-5CC-R,,For: Sales Order,,1,"MacFadden, Michael:Bozeman-309 Cold Smoke Dr.-MacFadden"
PO-11921,CLOUD GATEWAY FIBER,,For: Work Order,,1,"Mansour, Paul:Bozeman-855 Braveheart Loop-SVC"
PO-11921,LITE 16 POE,,For: Work Order,,1,"Mansour, Paul:Bozeman-855 Braveheart Loop-SVC"
PO-11921,U7 PRO XG,,For: Work Order,,2,"Mansour, Paul:Bozeman-855 Braveheart Loop-SVC"
PO-11895,L-LV14-120,,For: Sales Order,,1,MDM Construction:Cameron-272 Elk Ridge-Pickens
PO-11896,IS10W,,For: Sales Order,,1,MDM Construction:Cameron-272 Elk Ridge-Pickens
PO-11896,IS6,,For: Sales Order,,1,MDM Construction:Cameron-272 Elk Ridge-Pickens
PO-11896,LRG RECT ACOUSTIC ENCLOSURE,,For: Sales Order,,1,MDM Construction:Cameron-272 Elk Ridge-Pickens
PO-11896,MEDIUM IS SPACE SAVER,,For: Sales Order,,1,MDM Construction:Cameron-272 Elk Ridge-Pickens
PO-11896,SMALL IS SPACE SAVER,,For: Sales Order,,2,MDM Construction:Cameron-272 Elk Ridge-Pickens
PO-11898,EN1400,,For: Stock,,1,MDM Construction:Cameron-272 Elk Ridge-Pickens
PO-11898,EN2800,,For: Sales Order,,1,MDM Construction:Cameron-272 Elk Ridge-Pickens
PO-11838,LQSE-4S8-120-D,,For: Sales Order,,1,Montana Cabin Caretakers:Big Sky-14 Andesite-Presley-SVC
PO-11838,PDW-S-DV,,For: Sales Order,,1,Montana Cabin Caretakers:Big Sky-14 Andesite-Presley-SVC
PO-11915,XWC-2000,,For: Work Order,,1,Montane Management:BigSky-217 W Golf Course Rd-Griffin-SVC1
PO-11888,SM-RBX-PRO-20-BLK,,For: Sales Order,,1,"North Fork Builders of Montana, Inc:Big Sky-Big EZ Lot 7-Wolf"
PO-11892,MISC INVT-ACCT,,For: Stock,,33,"North Fork Builders of Montana, Inc:Big Sky-Big EZ Lot 7-Wolf"
PO-11879,QOL QS5110-840,,For: Work Order,,1,"O'Hara, Gini:O'Hara Residence Service Work"
PO-11826,SIVOIA QS EDU 100 REPLACEMENT,,For: Work Order,,2,Radtke Property Management:Big Sky-20 Miller Lane-Asness-SVC2
PO-11950,AI 360 JUNCTION BOX,,For: Sales Order,,4,"Ritchie, Robert:Bozeman-228 Braveheart-Ritchie-SVC-PA"
PO-11950,AI PRO,,For: Sales Order,,1,"Ritchie, Robert:Bozeman-228 Braveheart-Ritchie-SVC-PA"
PO-11950,AI TURRET,,For: Sales Order,,6,"Ritchie, Robert:Bozeman-228 Braveheart-Ritchie-SVC-PA"
PO-11950,DREAM MACHINE PRO,,For: Sales Order,,1,"Ritchie, Robert:Bozeman-228 Braveheart-Ritchie-SVC-PA"
PO-11950,G6 PRO 360,,For: Sales Order,,4,"Ritchie, Robert:Bozeman-228 Braveheart-Ritchie-SVC-PA"
PO-11950,G6 PTZ,,For: Sales Order,,3,"Ritchie, Robert:Bozeman-228 Braveheart-Ritchie-SVC-PA"
PO-11950,LITE 16 POE,,For: Sales Order,,1,"Ritchie, Robert:Bozeman-228 Braveheart-Ritchie-SVC-PA"
PO-11950,Network Video Recorder,,For: Sales Order,,1,"Ritchie, Robert:Bozeman-228 Braveheart-Ritchie-SVC-PA"
PO-11950,PRO 48 POE,,For: Sales Order,,2,"Ritchie, Robert:Bozeman-228 Braveheart-Ritchie-SVC-PA"
PO-11950,UVC-AI-PTZ-B,,For: Sales Order,,1,"Ritchie, Robert:Bozeman-228 Braveheart-Ritchie-SVC-PA"
PO-11955,"24TB 3.5"" HDD",,For: Sales Order,,3,"Ritchie, Robert:Bozeman-228 Braveheart-Ritchie-SVC-PA"
PO-11837,PB-2020-T-B,,For: Stock,,50,SBC
PO-11901,CUSTOM ROLLER SHADES,,For: Sales Order,,2,SBC:Big Sky-170 Nighthawk Fork-Huizenga
PO-11902,HQW-W6BRLN-XX-E,,For: Sales Order,,1,SBC:Big Sky-170 Nighthawk Fork-Huizenga
PO-11902,PJ2-4B-GXX-EL2,,For: Sales Order,,1,SBC:Big Sky-170 Nighthawk Fork-Huizenga
PO-11914,RRD-HN6BRL,,For: Sales Order,,1,SBC:Big Sky-170 Nighthawk Fork-Huizenga
PO-11860,HQWT-B-P4W-XX-E,,For: Sales Order,,3,SBC:Big Sky-YC Lot 339 GH-Grasso
PO-11860,HQWT-U-P4W,,For: Sales Order,,14,SBC:Big Sky-YC Lot 339 GH-Grasso
PO-11860,LWT-U-PP,,For: Sales Order,,3,SBC:Big Sky-YC Lot 339 GH-Grasso
PO-11860,PJ2-4B-GWH-EL2,,For: Sales Order,,4,SBC:Big Sky-YC Lot 339 GH-Grasso
PO-11973,M360-B-VOLF,,For: Sales Order,,7,SBC:Big Sky-YC Lot 339 GH-Grasso
PO-11836,MRX/AVM RACK KIT,,For: Sales Order,,1,SBC:Big Sky-YC Lot 762-Barrows-Flanagan
PO-11836,MRX740,,For: Sales Order,,1,SBC:Big Sky-YC Lot 762-Barrows-Flanagan
PO-11838,HQP7-1,,For: Sales Order,,1,SBC:Big Sky-YC Lot 762-Barrows-Flanagan
PO-11838,HQP7-2,,For: Sales Order,,1,SBC:Big Sky-YC Lot 762-Barrows-Flanagan
PO-11838,HQP7-RF-2,,For: Sales Order,,4,SBC:Big Sky-YC Lot 762-Barrows-Flanagan
PO-11838,LQSE-4A5-120-D,,For: Sales Order,,52,SBC:Big Sky-YC Lot 762-Barrows-Flanagan
PO-11838,LQSE-4S8-120-D,,For: Sales Order,,3,SBC:Big Sky-YC Lot 762-Barrows-Flanagan
PO-11838,PDW-D-DV,,For: Sales Order,,52,SBC:Big Sky-YC Lot 762-Barrows-Flanagan
PO-11838,PDW-S-DV,,For: Sales Order,,3,SBC:Big Sky-YC Lot 762-Barrows-Flanagan
PO-11838,QS-WLB,,For: Sales Order,,1,SBC:Big Sky-YC Lot 762-Barrows-Flanagan
PO-11838,QSE-IO,,For: Sales Order,,2,SBC:Big Sky-YC Lot 762-Barrows-Flanagan
PO-11838,QSPS-DH-1-75-H,,For: Sales Order,,2,SBC:Big Sky-YC Lot 762-Barrows-Flanagan
PO-11838,WIN-PS-5CC-R,,For: Sales Order,,13,SBC:Big Sky-YC Lot 762-Barrows-Flanagan
PO-11839,BL1,,For: Sales Order,,15,SBC:Big Sky-YC Lot 762-Barrows-Flanagan
PO-11839,BL2,,For: Sales Order,,2,SBC:Big Sky-YC Lot 762-Barrows-Flanagan
PO-11839,BL3,,For: Sales Order,,1,SBC:Big Sky-YC Lot 762-Barrows-Flanagan
PO-11839,BL4,,For: Sales Order,,3,SBC:Big Sky-YC Lot 762-Barrows-Flanagan
PO-11839,DWR-RR40,,For: Sales Order,,2,SBC:Big Sky-YC Lot 762-Barrows-Flanagan
PO-11839,DWRSR-ZL,,For: Sales Order,,2,SBC:Big Sky-YC Lot 762-Barrows-Flanagan
PO-11839,FTA-3,,For: Sales Order,,2,SBC:Big Sky-YC Lot 762-Barrows-Flanagan
PO-11839,HP,,For: Sales Order,,3,SBC:Big Sky-YC Lot 762-Barrows-Flanagan
PO-11839,PDX-920R,,For: Sales Order,,3,SBC:Big Sky-YC Lot 762-Barrows-Flanagan
PO-11839,SR-40-28,,For: Sales Order,,2,SBC:Big Sky-YC Lot 762-Barrows-Flanagan
PO-11839,UQFP-4RA,,For: Sales Order,,2,SBC:Big Sky-YC Lot 762-Barrows-Flanagan
PO-11840,PNRIWUB,,For: Sales Order,,3,SBC:Big Sky-YC Lot 762-Barrows-Flanagan
PO-11840,TS118SU,,For: Sales Order,,1,SBC:Big Sky-YC Lot 762-Barrows-Flanagan
PO-11840,TS525TU,,For: Sales Order,,2,SBC:Big Sky-YC Lot 762-Barrows-Flanagan
PO-11842,A650 Standard,,For: Sales Order,,8,SBC:Big Sky-YC Lot 762-Barrows-Flanagan
PO-11842,B350 Standard,,For: Sales Order,,1,SBC:Big Sky-YC Lot 762-Barrows-Flanagan
PO-11843,APPLETV 4K,,For: Sales Order,,7,SBC:Big Sky-YC Lot 762-Barrows-Flanagan
PO-11844,ARC ULTRA,,For: Sales Order,,2,SBC:Big Sky-YC Lot 762-Barrows-Flanagan
PO-11845,MX66,,For: Sales Order,,5,SBC:Big Sky-YC Lot 762-Barrows-Flanagan
PO-11845,VX66R,,For: Sales Order,,2,SBC:Big Sky-YC Lot 762-Barrows-Flanagan
PO-11845,VX86R,,For: Sales Order,,7,SBC:Big Sky-YC Lot 762-Barrows-Flanagan
PO-11845,VXXT6R SST,,For: Sales Order,,1,SBC:Big Sky-YC Lot 762-Barrows-Flanagan
PO-11845,VXXT8R,,For: Sales Order,,3,SBC:Big Sky-YC Lot 762-Barrows-Flanagan
PO-11851,AC-AEX-KIT,,For: Sales Order,,3,SBC:Big Sky-YC Lot 762-Barrows-Flanagan
PO-11851,AC-MXNET-1G-12VPSU,,For: Sales Order,,4,SBC:Big Sky-YC Lot 762-Barrows-Flanagan
PO-11851,P2660,,For: Sales Order,,3,SBC:Big Sky-YC Lot 762-Barrows-Flanagan
PO-11852,AN-320-SW-R-24,,For: Sales Order,,1,SBC:Big Sky-YC Lot 762-Barrows-Flanagan
PO-11852,AN-420-SW-R-44-POE,,For: Sales Order,,1,SBC:Big Sky-YC Lot 762-Barrows-Flanagan
PO-11852,AN-520-RT,,For: Sales Order,,1,SBC:Big Sky-YC Lot 762-Barrows-Flanagan
PO-11852,C4-CORE1,,For: Sales Order,,4,SBC:Big Sky-YC Lot 762-Barrows-Flanagan
PO-11852,C4-CORE1-WM,,For: Sales Order,,7,SBC:Big Sky-YC Lot 762-Barrows-Flanagan
PO-11852,C4-HALO-BL,,For: Sales Order,,8,SBC:Big Sky-YC Lot 762-Barrows-Flanagan
PO-11852,C4-T4IW10-BL,,For: Sales Order,,3,SBC:Big Sky-YC Lot 762-Barrows-Flanagan
PO-11852,LUM-221-NVR-8CH-6T,,For: Sales Order,,1,SBC:Big Sky-YC Lot 762-Barrows-Flanagan
PO-11852,LUM-520-IP-BFB,,For: Sales Order,,4,SBC:Big Sky-YC Lot 762-Barrows-Flanagan
PO-11852,LUM-MNT-FLUSH-BUL-GR,,For: Sales Order,,1,SBC:Big Sky-YC Lot 762-Barrows-Flanagan
PO-11852,P8-PROAUDIO1632,,For: Sales Order,,1,SBC:Big Sky-YC Lot 762-Barrows-Flanagan
PO-11854,PS80,,For: Sales Order,,1,SBC:Big Sky-YC Lot 762-Barrows-Flanagan
PO-11856,DAC-1G-0050,,For: Sales Order,,1,SBC:Big Sky-YC Lot 762-Barrows-Flanagan
PO-11857,DRX-3.4,,For: Sales Order,,1,SBC:Big Sky-YC Lot 762-Barrows-Flanagan
PO-11857,IRK-155-3D,,For: Sales Order,,1,SBC:Big Sky-YC Lot 762-Barrows-Flanagan
PO-11858,16 GB Miscro SD,,For: Sales Order,,4,SBC:Big Sky-YC Lot 762-Barrows-Flanagan
PO-11859,M360-W-VOLF,,For: Sales Order,,2,SBC:Big Sky-YC Lot 762-Barrows-Flanagan
PO-11871,2800,,For: Sales Order,,12,SBC:Big Sky-YC Lot 762-Barrows-Flanagan
PO-11871,4193SNP,,For: Sales Order,,11,SBC:Big Sky-YC Lot 762-Barrows-Flanagan
PO-11871,4204,,For: Sales Order,,2,SBC:Big Sky-YC Lot 762-Barrows-Flanagan
PO-11871,4208SN,,For: Sales Order,,6,SBC:Big Sky-YC Lot 762-Barrows-Flanagan
PO-11871,5601P,,For: Sales Order,,7,SBC:Big Sky-YC Lot 762-Barrows-Flanagan
PO-11871,5800RP,,For: Sales Order,,1,SBC:Big Sky-YC Lot 762-Barrows-Flanagan
PO-11871,5881ENH,,For: Sales Order,,2,SBC:Big Sky-YC Lot 762-Barrows-Flanagan
PO-11871,6460S,,For: Sales Order,,1,SBC:Big Sky-YC Lot 762-Barrows-Flanagan
PO-11871,BK-4WTAB,,For: Sales Order,,11,SBC:Big Sky-YC Lot 762-Barrows-Flanagan
PO-11871,CM-E1,,For: Sales Order,,8,SBC:Big Sky-YC Lot 762-Barrows-Flanagan
PO-11871,DT8050V,,For: Sales Order,,5,SBC:Big Sky-YC Lot 762-Barrows-Flanagan
PO-11871,GD-2B,,For: Sales Order,,8,SBC:Big Sky-YC Lot 762-Barrows-Flanagan
PO-11871,LTEM-PXV,,For: Sales Order,,1,SBC:Big Sky-YC Lot 762-Barrows-Flanagan
PO-11871,MHW,,For: Sales Order,,5,SBC:Big Sky-YC Lot 762-Barrows-Flanagan
PO-11871,SMP312CX,,For: Sales Order,,1,SBC:Big Sky-YC Lot 762-Barrows-Flanagan
PO-11871,T8800,,For: Sales Order,,2,SBC:Big Sky-YC Lot 762-Barrows-Flanagan
PO-11871,VISTA-128BPT,,For: Sales Order,,1,SBC:Big Sky-YC Lot 762-Barrows-Flanagan
PO-11874,C4-VDB-E,,For: Sales Order,,1,SBC:Big Sky-YC Lot 762-Barrows-Flanagan
PO-11874,C4-VDB-E-ACC,,For: Sales Order,,1,SBC:Big Sky-YC Lot 762-Barrows-Flanagan
PO-11874,HSIM Integration Module,,For: Sales Order,,1,SBC:Big Sky-YC Lot 762-Barrows-Flanagan
PO-11941,M1000,,For: Sales Order,,3,SBC:Big Sky-YC Lot 762-Barrows-Flanagan
PO-11837,SMP312CX,,For: Sales Order,,1,SBC:Bozeman-17858 Rocky Mtn. Rd.-Brickman
PO-11837,ST3,,For: Sales Order,,1,SBC:Bozeman-17858 Rocky Mtn. Rd.-Brickman
PO-11865,6ACS9125OS2PE-B,,For: Sales Order,,800,SBC:Bozeman-17858 Rocky Mtn. Rd.-Brickman
PO-11871,VISTA-128BPT,,For: Project,,1,SBC:Bozeman-17858 Rocky Mtn. Rd.-Brickman
PO-11824,EN4250,,For: Sales Order,,1,SBC:Bozeman-196 Solitude Ln-Pugliese/Berezin
PO-11826,QSPSY-10PNL,,For: Sales Order,,1,SBC:Bozeman-196 Solitude Ln-Pugliese/Berezin
PO-11888,AN-520-RT,,For: Sales Order,,1,SBC:Bozeman-196 Solitude Ln-Pugliese/Berezin
PO-11958,C4-AK-3M,,For: Sales Order,,2,SBC:Bozeman-196 Solitude Ln-Pugliese/Berezin
PO-11958,C4-CA1-V2,,For: Sales Order,,1,SBC:Bozeman-196 Solitude Ln-Pugliese/Berezin
PO-11958,C4-CORE3,,For: Sales Order,,1,SBC:Bozeman-196 Solitude Ln-Pugliese/Berezin
PO-11958,C4-SR260RSK,,For: Sales Order,,1,SBC:Bozeman-196 Solitude Ln-Pugliese/Berezin
PO-11958,C4-THERM-WH,,For: Sales Order,,3,SBC:Bozeman-196 Solitude Ln-Pugliese/Berezin
PO-11958,LUM-221-NVR-8CH-4T,,For: Sales Order,,1,SBC:Bozeman-196 Solitude Ln-Pugliese/Berezin
PO-11958,LUM-820-IP-BFB,,For: Sales Order,,3,SBC:Bozeman-196 Solitude Ln-Pugliese/Berezin
PO-11958,MS-2416,,For: Sales Order,,1,SBC:Bozeman-196 Solitude Ln-Pugliese/Berezin
PO-11958,WB-800-IPVM-6,,For: Sales Order,,1,SBC:Bozeman-196 Solitude Ln-Pugliese/Berezin
PO-11958,WB-800CH1U-IPVM-8,,For: Sales Order,,1,SBC:Bozeman-196 Solitude Ln-Pugliese/Berezin
PO-11958,WB-OVRC-OLUPS-1000-1,,For: Sales Order,,1,SBC:Bozeman-196 Solitude Ln-Pugliese/Berezin
PO-11959,A650 Unleashed,,For: Sales Order,,1,SBC:Bozeman-196 Solitude Ln-Pugliese/Berezin
PO-11959,B350 Unleashed,,For: Sales Order,,1,SBC:Bozeman-196 Solitude Ln-Pugliese/Berezin
PO-11961,BL1,,For: Sales Order,,5,SBC:Bozeman-196 Solitude Ln-Pugliese/Berezin
PO-11961,DWR-RR16,,For: Sales Order,,1,SBC:Bozeman-196 Solitude Ln-Pugliese/Berezin
PO-11961,EWR-16-22,,For: Sales Order,,1,SBC:Bozeman-196 Solitude Ln-Pugliese/Berezin
PO-11961,HP,,For: Sales Order,,1,SBC:Bozeman-196 Solitude Ln-Pugliese/Berezin
PO-11961,LBP-1A,,For: Sales Order,,1,SBC:Bozeman-196 Solitude Ln-Pugliese/Berezin
PO-11961,U2V,,For: Sales Order,,2,SBC:Bozeman-196 Solitude Ln-Pugliese/Berezin
PO-11961,UQFP-4RA,,For: Sales Order,,1,SBC:Bozeman-196 Solitude Ln-Pugliese/Berezin
PO-11963,AMP,,For: Sales Order,,3,SBC:Bozeman-196 Solitude Ln-Pugliese/Berezin
PO-11963,ARC ULTRA,,For: Sales Order,,1,SBC:Bozeman-196 Solitude Ln-Pugliese/Berezin
PO-11964,WSSATM1-B2,,For: Sales Order,,1,SBC:Bozeman-196 Solitude Ln-Pugliese/Berezin
PO-11965,VX66R,,For: Sales Order,,2,SBC:Bozeman-196 Solitude Ln-Pugliese/Berezin
PO-11965,VXXT6R,,For: Sales Order,,1,SBC:Bozeman-196 Solitude Ln-Pugliese/Berezin
PO-11966,L-65,,For: Sales Order,,1,SBC:Bozeman-196 Solitude Ln-Pugliese/Berezin
PO-11967,K-55XR70,,For: Sales Order,,1,SBC:Bozeman-196 Solitude Ln-Pugliese/Berezin
PO-11968,20RS-T-B,,For: Sales Order,,6,SBC:Bozeman-196 Solitude Ln-Pugliese/Berezin
PO-11968,4193SNP,,For: Sales Order,,6,SBC:Bozeman-196 Solitude Ln-Pugliese/Berezin
PO-11968,4700-A,,For: Sales Order,,2,SBC:Bozeman-196 Solitude Ln-Pugliese/Berezin
PO-11968,5601P,,For: Sales Order,,2,SBC:Bozeman-196 Solitude Ln-Pugliese/Berezin
PO-11968,6460S,,For: Sales Order,,1,SBC:Bozeman-196 Solitude Ln-Pugliese/Berezin
PO-11968,BK-4WTAB,,For: Sales Order,,4,SBC:Bozeman-196 Solitude Ln-Pugliese/Berezin
PO-11968,CM-E1,,For: Sales Order,,3,SBC:Bozeman-196 Solitude Ln-Pugliese/Berezin
PO-11968,GD-2B,,For: Sales Order,,1,SBC:Bozeman-196 Solitude Ln-Pugliese/Berezin
PO-11968,MHW,,For: Sales Order,,2,SBC:Bozeman-196 Solitude Ln-Pugliese/Berezin
PO-11968,SMP312CX,,For: Sales Order,,1,SBC:Bozeman-196 Solitude Ln-Pugliese/Berezin
PO-11968,T8800,,For: Sales Order,,3,SBC:Bozeman-196 Solitude Ln-Pugliese/Berezin
PO-11976,SFP-10G-RJ45-30,,For: Sales Order,,2,SBC:Bozeman-196 Solitude Ln-Pugliese/Berezin
PO-11977,APPLETV 4K,,For: Sales Order,,1,SBC:Bozeman-196 Solitude Ln-Pugliese/Berezin
PO-11974,L-LV14-120,,For: Sales Order,,1,SBC:Bozeman-820 Sundown Rd-Taygan
PO-11974,QSPS-30PNL-NPM,,For: Sales Order,,1,SBC:Bozeman-820 Sundown Rd-Taygan
PO-11978,XSPOT PRE-INSTALL KIT,,For: Sales Order,,2,SBC:Bozeman-820 Sundown Rd-Taygan
PO-11942,"8TB 3.5"" HDD",,For: Sales Order,,1,SBC:Bozeman-939 Windrow Dr.-Boersema
PO-11942,DREAM MACHINE PRO,,For: Sales Order,,1,SBC:Bozeman-939 Windrow Dr.-Boersema
PO-11942,G4 DOORBELL PRO POE KIT,,For: Sales Order,,1,SBC:Bozeman-939 Windrow Dr.-Boersema
PO-11942,G6 BULLET,,For: Sales Order,,2,SBC:Bozeman-939 Windrow Dr.-Boersema
PO-11942,PRO 24 POE,,For: Sales Order,,1,SBC:Bozeman-939 Windrow Dr.-Boersema
PO-11942,U7 PRO XG,,For: Sales Order,,2,SBC:Bozeman-939 Windrow Dr.-Boersema
PO-11942,WIFI SMART CHIME,,For: Sales Order,,1,SBC:Bozeman-939 Windrow Dr.-Boersema
PO-11947,BR1,,For: Sales Order,,1,SBC:Bozeman-939 Windrow Dr.-Boersema
PO-11947,DWR-RR16,,For: Sales Order,,1,SBC:Bozeman-939 Windrow Dr.-Boersema
PO-11947,EWR-16-22,,For: Sales Order,,1,SBC:Bozeman-939 Windrow Dr.-Boersema
PO-11947,PDX-920R,,For: Sales Order,,1,SBC:Bozeman-939 Windrow Dr.-Boersema
PO-11948,WB-800-IPVM-6,,For: Sales Order,,1,SBC:Bozeman-939 Windrow Dr.-Boersema
PO-11948,WB-OVRC-UPS-1100-1,,For: Sales Order,,1,SBC:Bozeman-939 Windrow Dr.-Boersema
PO-11949,AMP,,For: Sales Order,,6,SBC:Bozeman-939 Windrow Dr.-Boersema
PO-11949,ARC ULTRA,,For: Sales Order,,3,SBC:Bozeman-939 Windrow Dr.-Boersema
PO-11949,SUB,,For: Sales Order,,2,SBC:Bozeman-939 Windrow Dr.-Boersema
PO-11956,CUSTOM ROLLER SHADES,,For: Sales Order,,17,SBC:Bozeman-939 Windrow Dr.-Boersema
PO-11956,PJ2-3BRL-GWH-S02,,For: Sales Order,,6,SBC:Bozeman-939 Windrow Dr.-Boersema
PO-11956,RR-PROC3-CW,,For: Sales Order,,1,SBC:Bozeman-939 Windrow Dr.-Boersema
PO-11963,SUB,,For: Sales Order,,1,SBC:Bozeman-939 Windrow Dr.-Boersema
PO-11964,WSSATM1-B2,,For: Sales Order,,3,SBC:Bozeman-939 Windrow Dr.-Boersema
PO-11985,PJ2-4B-GWH-EL2,,For: Sales Order,,3,SBC:Bozeman-939 Windrow Dr.-Boersema
PO-11863,AN-520-RT,,For: Work Order,,1,"Schram, Randy"
PO-11885,JOSH EDGE BUTTON PACK-CATEGORY,,For: Stock,,3,"Smart Home Systems, Inc."
PO-11927,Shipping Charges,,For: Stock,,1,"Smart Home Systems, Inc."
PO-11927,U7 PRO OUTDOOR,,For: Stock,,1,"Smart Home Systems, Inc."
PO-11927,U7 PRO XGS,,For: Stock,,1,"Smart Home Systems, Inc."
PO-11823,QN65LS03FWFXZA,,For: Stock,,1,"Smart Home Systems, Inc.:8000 - Admin - General Overhead"
PO-11834,BT-10KUHD-020,,For: Stock,,22,"Smart Home Systems, Inc.:8000 - Admin - General Overhead"
PO-11835,ES-CORE-36-IC,,For: Stock,,8,"Smart Home Systems, Inc.:8000 - Admin - General Overhead"
PO-11848,Custom ELEMENTAL LED,,For: Stock,,1,"Smart Home Systems, Inc.:8000 - Admin - General Overhead"
PO-11850,RG-6 QUAD SHEILD BC,,For: Stock,,4000,"Smart Home Systems, Inc.:8000 - Admin - General Overhead"
PO-11856,DAC-10G-0050,,For: Stock,,1,"Smart Home Systems, Inc.:8000 - Admin - General Overhead"
PO-11876,0E-PIRCM,,For: Stock,,3,"Smart Home Systems, Inc.:8000 - Admin - General Overhead"
PO-11876,180-12WG-W,,For: Stock,,20,"Smart Home Systems, Inc.:8000 - Admin - General Overhead"
PO-11876,6460s,,For: Stock,,2,"Smart Home Systems, Inc.:8000 - Admin - General Overhead"
PO-11876,BK-2WTAB,,For: Stock,,10,"Smart Home Systems, Inc.:8000 - Admin - General Overhead"
PO-11876,ELK-319DR,,For: Stock,,4,"Smart Home Systems, Inc.:8000 - Admin - General Overhead"
PO-11876,ELK-319DWM,,For: Stock,,4,"Smart Home Systems, Inc.:8000 - Admin - General Overhead"
PO-11876,GD-2B,,For: Stock,,1,"Smart Home Systems, Inc.:8000 - Admin - General Overhead"
PO-11876,MISC PARTS,,For: Stock,,6,"Smart Home Systems, Inc.:8000 - Admin - General Overhead"
PO-11876,MM400,,For: Stock,,50,"Smart Home Systems, Inc.:8000 - Admin - General Overhead"
PO-11876,tx-e201,,For: Stock,,2,"Smart Home Systems, Inc.:8000 - Admin - General Overhead"
PO-11876,VISTA-128BPT,,For: Stock,,1,"Smart Home Systems, Inc.:8000 - Admin - General Overhead"
PO-11879,QOL QS5110-840,,For: Stock,,2,"Smart Home Systems, Inc.:8000 - Admin - General Overhead"
PO-11884,bl2,,For: Stock,,6,"Smart Home Systems, Inc.:8000 - Admin - General Overhead"
PO-11884,bl3,,For: Stock,,6,"Smart Home Systems, Inc.:8000 - Admin - General Overhead"
PO-11884,Shipping Charges,,For: Stock,,1,"Smart Home Systems, Inc.:8000 - Admin - General Overhead"
PO-11890,MISC PARTS,,For: Stock,,43,"Smart Home Systems, Inc.:8000 - Admin - General Overhead"
PO-11891,STRCAP50,,For: Stock,,4,"Smart Home Systems, Inc.:8000 - Admin - General Overhead"
PO-11903,14-2FX,,For: Stock,,2500,"Smart Home Systems, Inc.:8000 - Admin - General Overhead"
PO-11903,14-4FX,,For: Stock,,5000,"Smart Home Systems, Inc.:8000 - Admin - General Overhead"
PO-11903,18-4FPLR,,For: Stock,,7500,"Smart Home Systems, Inc.:8000 - Admin - General Overhead"
PO-11903,CAT6 550MHZ,,For: Stock,,5000,"Smart Home Systems, Inc.:8000 - Admin - General Overhead"
PO-11903,CAT6A SLIM,,For: Stock,,6000,"Smart Home Systems, Inc.:8000 - Admin - General Overhead"
PO-11903,RG-6 QUAD SHEILD BC,,For: Stock,,2500,"Smart Home Systems, Inc.:8000 - Admin - General Overhead"
PO-11918,CAT6A SLIM,,For: Stock,,5000,"Smart Home Systems, Inc.:8000 - Admin - General Overhead"
PO-11920,Ultra 12V 8AH Battery,,For: Stock,,20,"Smart Home Systems, Inc.:8000 - Admin - General Overhead"
PO-11925,1280 - Battery,,For: Stock,,1,"Smart Home Systems, Inc.:8000 - Admin - General Overhead"
PO-11925,t8000,,For: Stock,,3,"Smart Home Systems, Inc.:8000 - Admin - General Overhead"
PO-11926,HQ-LV21-120,,For: Stock,,2,"Smart Home Systems, Inc.:8000 - Admin - General Overhead"
PO-11926,PD8-65A-120L3-20,,For: Stock,,8,"Smart Home Systems, Inc.:8000 - Admin - General Overhead"
PO-11926,QSPS-10PNL-NPM,,For: Stock,,1,"Smart Home Systems, Inc.:8000 - Admin - General Overhead"
PO-11926,QSPS-30PNL-NPM,,For: Stock,,1,"Smart Home Systems, Inc.:8000 - Admin - General Overhead"
PO-11928,Flex Mini 2.5G,,For: Stock,,1,"Smart Home Systems, Inc.:8000 - Admin - General Overhead"
PO-11936,FLEX BRACKET LARGE ROUND PACK,,For: Stock,,4,"Smart Home Systems, Inc.:8000 - Admin - General Overhead"
PO-11937,Rhino Labels,,For: Stock,,21,"Smart Home Systems, Inc.:8000 - Admin - General Overhead"
PO-11939,LUTRON GREEN,,For: Stock,,4000,"Smart Home Systems, Inc.:8000 - Admin - General Overhead"
PO-11940,LCP500-24B,,For: Stock,,2,"Smart Home Systems, Inc.:8000 - Admin - General Overhead"
PO-11946,CAT6 550MHZ,,For: Stock,,1000,"Smart Home Systems, Inc.:8000 - Admin - General Overhead"
PO-11946,Misc Job Mats,,For: Stock,,1,"Smart Home Systems, Inc.:8000 - Admin - General Overhead"
PO-11969,PDU Pro,,For: Stock,,1,"Smart Home Systems, Inc.:8000 - Admin - General Overhead"
PO-11970,MISC PARTS,,For: Stock,,1,"Smart Home Systems, Inc.:8000 - Admin - General Overhead"
PO-11977,APPLETV 4K,,For: Stock,,2,"Smart Home Systems, Inc.:8000 - Admin - General Overhead"
PO-11982,MISC PARTS,,For: Stock,,1,"Smart Home Systems, Inc.:8000 - Admin - General Overhead"
PO-11983,BT-10KUHD-010,,For: Stock,,30,"Smart Home Systems, Inc.:8000 - Admin - General Overhead"
PO-11983,BT-10KUHD-020,,For: Stock,,44,"Smart Home Systems, Inc.:8000 - Admin - General Overhead"
PO-11968,5601P,,For: Work Order,,1,"Smith, Walter:Belgrade-549 Lower School Rd-Smith-SVC"
PO-11968,BK-2WTAB,,For: Work Order,,14,"Smith, Walter:Belgrade-549 Lower School Rd-Smith-SVC"
PO-11968,CM-E1,,For: Work Order,,1,"Smith, Walter:Belgrade-549 Lower School Rd-Smith-SVC"
PO-11968,GD-2B,,For: Work Order,,1,"Smith, Walter:Belgrade-549 Lower School Rd-Smith-SVC"
PO-11942,CLOUD GATEWAY FIBER,,For: Sales Order,,1,"Stanley, Laura:Bozeman-502 South 6th Ave-Stanley-SVC"
PO-11942,LITE 8 POE,,For: Sales Order,,1,"Stanley, Laura:Bozeman-502 South 6th Ave-Stanley-SVC"
PO-11942,PRO 8 POE,,For: Sales Order,,1,"Stanley, Laura:Bozeman-502 South 6th Ave-Stanley-SVC"
PO-11942,U7 PRO XG,,For: Sales Order,,3,"Stanley, Laura:Bozeman-502 South 6th Ave-Stanley-SVC"
PO-11872,Shipping Charges,,For: Stock,,1,"Stock, Brian"
PO-11872,SIDE CHANNELS,,For: Stock,,4,"Stock, Brian"
PO-11864,MISC PARTS,,For: Work Order,,1,"Strazza,Kent:Bozeman-6645 Schafer Road-Strazza-SVC"
PO-11905,AN-320-SW-R-24,,For: Sales Order,,1,Teton Heritage Builders:Big Sky-88 Chalet Rd Unit 12-Adolf
PO-11905,AN-320-SW-R-24-POE,,For: Sales Order,,1,Teton Heritage Builders:Big Sky-88 Chalet Rd Unit 12-Adolf
PO-11905,AN-520-RT,,For: Sales Order,,1,Teton Heritage Builders:Big Sky-88 Chalet Rd Unit 12-Adolf
PO-11905,C4-CORE1-WM,,For: Sales Order,,1,Teton Heritage Builders:Big Sky-88 Chalet Rd Unit 12-Adolf
PO-11905,WB-800-IPVM-12,,For: Sales Order,,1,Teton Heritage Builders:Big Sky-88 Chalet Rd Unit 12-Adolf
PO-11905,WB-800-IPVM-6,,For: Sales Order,,2,Teton Heritage Builders:Big Sky-88 Chalet Rd Unit 12-Adolf
PO-11905,WB-OVRC-OLUPS-1500-1,,For: Sales Order,,1,Teton Heritage Builders:Big Sky-88 Chalet Rd Unit 12-Adolf
PO-11907,BL1,,For: Sales Order,,7,Teton Heritage Builders:Big Sky-88 Chalet Rd Unit 12-Adolf
PO-11907,BL2,,For: Sales Order,,1,Teton Heritage Builders:Big Sky-88 Chalet Rd Unit 12-Adolf
PO-11907,BL4,,For: Sales Order,,3,Teton Heritage Builders:Big Sky-88 Chalet Rd Unit 12-Adolf
PO-11907,FTA-3,,For: Sales Order,,1,Teton Heritage Builders:Big Sky-88 Chalet Rd Unit 12-Adolf
PO-11907,HP,,For: Sales Order,,1,Teton Heritage Builders:Big Sky-88 Chalet Rd Unit 12-Adolf
PO-11907,LBP-1A,,For: Sales Order,,1,Teton Heritage Builders:Big Sky-88 Chalet Rd Unit 12-Adolf
PO-11907,MS-5.5,,For: Sales Order,,2,Teton Heritage Builders:Big Sky-88 Chalet Rd Unit 12-Adolf
PO-11908,TS525TU,,For: Sales Order,,1,Teton Heritage Builders:Big Sky-88 Chalet Rd Unit 12-Adolf
PO-11909,WATERCOP CLASSIC LARGE,,For: Sales Order,,1,Teton Heritage Builders:Big Sky-88 Chalet Rd Unit 12-Adolf
PO-11910,A550 Unleashed,,For: Sales Order,,5,Teton Heritage Builders:Big Sky-88 Chalet Rd Unit 12-Adolf
PO-11911,AMP,,For: Sales Order,,3,Teton Heritage Builders:Big Sky-88 Chalet Rd Unit 12-Adolf
PO-11912,DRX-3.4,,For: Sales Order,,1,Teton Heritage Builders:Big Sky-88 Chalet Rd Unit 12-Adolf
PO-11912,IRK-155-3D,,For: Sales Order,,1,Teton Heritage Builders:Big Sky-88 Chalet Rd Unit 12-Adolf
PO-11913,QN65LS03FAFXZA,,For: Sales Order,,1,Teton Heritage Builders:Big Sky-88 Chalet Rd Unit 12-Adolf
PO-11914,HQP7-RF-2,,For: Sales Order,,3,Teton Heritage Builders:Big Sky-88 Chalet Rd Unit 12-Adolf
PO-11914,HQR-15OUT,,For: Sales Order,,1,Teton Heritage Builders:Big Sky-88 Chalet Rd Unit 12-Adolf
PO-11914,WIN-PS-5CC-R,,For: Sales Order,,1,Teton Heritage Builders:Big Sky-88 Chalet Rd Unit 12-Adolf
PO-11916,AC-AEX-DEARC-KIT,,For: Sales Order,,1,Teton Heritage Builders:Big Sky-88 Chalet Rd Unit 12-Adolf
PO-11940,5800PIR,,For: Sales Order,,1,Teton Heritage Builders:Big Sky-88 Chalet Rd Unit 12-Adolf
PO-11940,BK-4WTAB,,For: Sales Order,,11,Teton Heritage Builders:Big Sky-88 Chalet Rd Unit 12-Adolf
PO-11940,CM-E1,,For: Sales Order,,5,Teton Heritage Builders:Big Sky-88 Chalet Rd Unit 12-Adolf
PO-11940,P2GRKLED,,For: Sales Order,,1,Teton Heritage Builders:Big Sky-88 Chalet Rd Unit 12-Adolf
PO-11940,SMP312CX,,For: Sales Order,,1,Teton Heritage Builders:Big Sky-88 Chalet Rd Unit 12-Adolf
PO-11940,VISTA-128BPT,,For: Sales Order,,1,Teton Heritage Builders:Big Sky-88 Chalet Rd Unit 12-Adolf
PO-11945,VG-SCFA65WTBZA,,For: Sales Order,,1,Teton Heritage Builders:Big Sky-88 Chalet Rd Unit 12-Adolf
PO-11968,4193SNP,,For: Sales Order,,11,Teton Heritage Builders:Big Sky-88 Chalet Rd Unit 12-Adolf
PO-11968,5881ENH,,For: Sales Order,,2,Teton Heritage Builders:Big Sky-88 Chalet Rd Unit 12-Adolf
PO-11968,6460S,,For: Sales Order,,1,Teton Heritage Builders:Big Sky-88 Chalet Rd Unit 12-Adolf
PO-11879,6460S,,For: Work Order,,1,"Walton, Bill:Big Sky-Pioneer Point 6B-Walton"
PO-11940,5601P,,For: Work Order,,1,"Weinstein, Lori:Big Sky-4 Rough Rider Trail-Weinstein-SVC"
PO-11940,BK-2WTAB,,For: Work Order,,11,"Weinstein, Lori:Big Sky-4 Rough Rider Trail-Weinstein-SVC"
PO-11825,C4-T4IW10-WH,,For: Work Order,,1,"Winoker, Steve:Big Sky-80A Mt Loop Rd-Winoker-SVC"
PO-11866,C4-T4IW8-WH,,For: Work Order,,1,"Winoker, Steve:Big Sky-80A Mt Loop Rd-Winoker-SVC"
PO-11842,Access Point Mounting Bracket,,For: Work Order,,1,"Witschard, Moe:Bozeman-2879 Laurel Ranch Rd-SVC"
PO-11867,UPS-RBP,,For: Work Order,,1,Yellowstone Club Property Services:Big Sky-41 White Spruce-SVC
PO-11887,HQ-LV21-120,,For: Sales Order,,1,Zak Shumate:Belt-141 Peacemaker Ridge Rd-Van Lingen
PO-11887,QSPS-10PNL-NPM,,For: Sales Order,,1,Zak Shumate:Belt-141 Peacemaker Ridge Rd-Van Lingen
PO-11887,QSPS-30PNL-NPM,,For: Sales Order,,1,Zak Shumate:Belt-141 Peacemaker Ridge Rd-Van Lingen
PO-11889,EN4250,,For: Sales Order,,1,Zak Shumate:Belt-141 Peacemaker Ridge Rd-Van Lingen
PO-11926,PD8-65A-120L3-20,,For: Sales Order,,3,Zak Shumate:Belt-141 Peacemaker Ridge Rd-Van Lingen
PO-11943,IWS12-6-ENC v2,,For: Sales Order,,6,Zak Shumate:Belt-141 Peacemaker Ridge Rd-Van Lingen
PO-11944,TA500,,For: Sales Order,,1,Zak Shumate:Belt-141 Peacemaker Ridge Rd-Van Lingen
PO-11944,TA501,,For: Sales Order,,2,Zak Shumate:Belt-141 Peacemaker Ridge Rd-Van Lingen
PO-11925,LGZW-1,,For: Work Order,,1,"Zerounian, Aram:Big Sky-527 Outlook Trail-SVC"